{"cameraMode":{"drawMode":0,"name":"Shaded","section":"Shading Mode"},"sceneLighting":true,"audioPlay":false,"sceneViewState":{"m_AlwaysRefresh":false,"showFog":true,"showSkybox":true,"showFlares":true,"showImageEffects":true,"showParticleSystems":true,"showVisualEffectGraphs":true,"m_FxEnabled":true},"in2DMode":false,"pivot":{"x":4.590000152587891,"y":2.3350000381469728,"z":-2.4700002670288088},"rotation":{"x":0.17605216801166535,"y":-0.7767717838287354,"z":0.24796511232852937,"w":0.551498293876648},"size":112.75796508789063,"orthographic":false}